[
  {
    "author": "马夫",
    "bookUrl": "content://com.android.externalstorage.documents/tree/primary%3A/document/primary%3A%E5%B0%8F%E8%AF%B4%E5%AE%B9%E5%99%A83%2F%E7%AC%AC%E4%BA%8C%E6%AC%A1%E4%B8%96%E7%95%8C%E5%A4%A7%E6%88%98%E5%AE%8C%E6%95%B4%E5%8E%86%E5%8F%B2%E5%AE%9E%E5%BD%95.epub",
    "canUpdate": true,
    "coverUrl": "/storage/emulated/0/Android/data/io.legado.app.releaseA/files/covers/1a33666b4793863b.jpg",
    "durChapterIndex": 9,
    "durChapterPos": 0,
    "durChapterTime": 1654443119294,
    "durChapterTitle": "德意在欧非燃起战火",
    "group": 0,
    "lastCheckCount": 0,
    "lastCheckTime": 1654343672124,
    "latestChapterTime": 1654343762076,
    "latestChapterTitle": "希特勒的反间计",
    "name": "第二次世界大战完整历史实录（套装共38册）（全面记录二战的起源背景、相持转折、结局等内容，是对二战的完整总结和隆重纪念）",
    "order": 0,
    "origin": "loc_book",
    "originName": "第二次世界大战完整历史实录.epub",
    "originOrder": 0,
    "readConfig": {
      "delTag": 0,
      "reSegment": false,
      "reverseToc": false,
      "splitLongChapter": true
    },
    "tocUrl": "",
    "totalChapterNum": 630,
    "type": 0
  }
]